Product Name,Product ID
25 Star Traditional Balsamic Vinegar,ZSCN5QKGCBR72RSZROTUBJKS
25 Star White Balsamic Vinegar,IFS5FTHQTPDFMNFKO72IJZZC
Basil Infused Extra Virgin Olive Oil,44XCIPW4VZSW3Z4AZBWAEUBD
Black Truffle Extra Virgin Olive Oil,5S53TD6Q3TYZWQYOGFPQMRXK
Blood Orange Infused 25 Star White Balsamic Vinegar,UWKUGGEX3TP4UKYHJHHLH2U2
Chef Squirrel's Blend,ALS2OZUV46IJIFMDNO4V4QE4
Chipotle Lemon Lime balsamic,YHP5YBLEGLPGQOICMOLVRRQL
Chocolate Infused 25 Star Traditional Balsamic Vinegar,VPXBM5J6MXCDAWA36BRZ4KNH
Cranberry Infused 25 Star Traditional Balsamic Vinegar,LYXOUL5PQKA7TODAUYFAJJI5
Extra Virgin Olive Oil Spanish,TRAAE3UBZXRLXBBJLODF3JCS
Garlic Infused Extra Virgin Olive Oil,FVV6UAIKSQQFIKIOR75VK5OE
Hatch Green Chili Extra Virgin Olive Oil,PXNFO7YLPBIZY66P3G5MBBOK
Mediterranean Squirrel,3SQSN2B4AYL4N77P2H7463A7
Meyer lemon extra virgin olive oil,PJT7KFXFZEAWDR3NNNVEWEUX
Meyer Lemon Infused 25 Star White Balsamic Vinegar,SASXTNY2VJH3VW6TGPILDHDD
Plum Infused 25 Star Traditional Balsamic Vinegar,2SDEMFNJOPT6IB4Q7UQ3XHNS
Raspberry Infused 25 Star Traditional Balsamic Vinegar,4UEN4UGG6SGSJXOA7PRHQVCF
Squirrelly 4 Chile Fiesta,WLVG2G4I342NVOYLXAFKUUX6